{"tfidf_max_features": 1030, "tfidf_ngram_max": 2, "tfidf_min_df": 4, "svc_C": 68.33321139122167, "svc_kernel": "rbf", "svc_gamma": 0.07819076788978312}