{"tfidf_max_features": 1864, "tfidf_ngram_max": 1, "tfidf_min_df": 1, "C": 0.5656150447111447, "penalty": "l1", "tol": 0.0007897820745869593}